1,akiba,978-4-7806-0381-1,1,2016/2/17
2,kanda,978-4-7806-0381-1,2,2016/2/17
3,meguro,978-4-7806-0416-0,3,2016/2/17
4,osaki,978-4-7806-0416-0,1,2016/2/17
5,osaki,978-4-7806-0418-4,1,2016/2/17
6,osaki,978-4-7806-0418-4,1,2013/2/17
7,osaki,978-4-7806-0454-2,1,2016/2/17
8,ebisu,978-4-7806-0416-0,1,2016/2/17
9,ebisu,978-4-7806-0459-7,1,2016/2/17
10,ebisu,978-4-7807-0360-45,1,2016/2/17
11,ebisu,978-4-7807-0360-37,1,2016/2/17
12,meguro,978-4-7806-0416-0,1,2016/2/17
13,meguro,978-4-7807-0360-45,1,2015/2/17
14,meguro,978-4-7807-0360-29,1,2015/2/17
15,meguro,978-4-7807-0360-43,1,2015/12/17
16,meguro,978-4-7806-0418-4,1,2015/2/17
17,meguro,978-4-7807-0360-25,1,2015/2/17
18,ebisu,978-4-7807-0360-43,1,2015/2/17
19,ebisu,978-4-7806-0416-0,1,2015/5/17
20,ebisu,978-4-7806-0454-2,1,2015/2/17
21,ebisu,978-4-7806-0454-2,1,2015/2/17
22,ebisu,978-4-7807-0360-45,1,2015/2/17
23,ebisu,978-4-7806-0418-4,1,2015/2/17
24,ueno,978-4-7806-0416-0,1,2016/2/17
25,ueno,978-4-7807-0360-37,1,2016/2/17
26,ueno,978-4-7806-0454-2,1,2016/2/17
27,ueno,978-4-7807-0360-37,1,2016/2/17
28,ueno,978-4-7807-0360-25,1,2016/2/17
29,ueno,978-4-7807-0360-44,1,2016/2/17
30,ueno,978-4-7807-0360-40,1,2016/2/17
31,ueno,978-4-7806-0418-4,1,2016/2/17
32,ueno,978-4-7807-0360-39,1,2016/2/17
33,ueno,978-4-7807-0360-45,1,2016/2/17
34,ueno,978-4-7807-0360-29,1,2016/2/17
35,ueno,978-4-7807-0360-34,1,2016/2/17
36,kanda,978-4-7807-0360-43,1,2016/2/17
37,kanda,978-4-7806-0454-2,1,2016/2/17
38,kanda,978-4-7807-0360-37,1,2016/2/17
39,kanda,978-4-7807-0360-45,3,2016/2/17
40,kanda,978-4-7807-0360-37,1,2016/2/17
41,kanda,978-4-7807-0360-39,1,2016/2/17
42,kanda,978-4-7806-0454-2,2,2016/2/17
43,kanda,978-4-7807-0360-44,1,2016/2/17
44,kanda,978-4-7807-0360-40,1,2016/2/17
