INSERT INTO `bookstoredb`.`bookinfo`(`ISBN`, `TITLE`, `SUBTITLE`, `WRITER`, `PRICE`, `CATEGORYID`, `COMMENT`, `DELFLAG`) VALUES ('978-4-7806-0306-4','基礎からの微分積分学入門','','西原賢・本田竜広 共著','2484','11','','0');
INSERT INTO `bookstoredb`.`bookinfo`(`ISBN`, `TITLE`, `SUBTITLE`, `WRITER`, `PRICE`, `CATEGORYID`, `COMMENT`, `DELFLAG`) VALUES ('978-4-7806-0360-6','スポーツと生きる','―生涯のスポーツライフ・デザイン―','大林正憲・宇部一・久保山直己・迫俊道・中野尊志 共著','2052','11','','0');
INSERT INTO `bookstoredb`.`bookinfo`(`ISBN`, `TITLE`, `SUBTITLE`, `WRITER`, `PRICE`, `CATEGORYID`, `COMMENT`, `DELFLAG`) VALUES ('978-4-7806-0381-1','Let us Enjoy Computing　2015','―情報処理―','静岡大学情報教育プロジェクト 編   宮原高志・竹内浩明・塩田真吾・小西達裕・逢坂興宏・土屋智・関根理香・井上翼・戸田三','1944','17','','0');
INSERT INTO `bookstoredb`.`bookinfo`(`ISBN`, `TITLE`, `SUBTITLE`, `WRITER`, `PRICE`, `CATEGORYID`, `COMMENT`, `DELFLAG`) VALUES ('978-4-7806-0416-0','数学科教育の研究　第3版','','松山善男・佐藤宣明 共著','1620','15','','0');
INSERT INTO `bookstoredb`.`bookinfo`(`ISBN`, `TITLE`, `SUBTITLE`, `WRITER`, `PRICE`, `CATEGORYID`, `COMMENT`, `DELFLAG`) VALUES ('978-4-7806-0418-4','線形代数入門','','橋口秀子・星野慶介・山田宏文 共著','2160','11','','0');
INSERT INTO `bookstoredb`.`bookinfo`(`ISBN`, `TITLE`, `SUBTITLE`, `WRITER`, `PRICE`, `CATEGORYID`, `COMMENT`, `DELFLAG`) VALUES ('978-4-7806-0419-1','ミニマム演習','微分・積分基礎','鈴木桜子・穴太克則 共著','2052','11','','0');
INSERT INTO `bookstoredb`.`bookinfo`(`ISBN`, `TITLE`, `SUBTITLE`, `WRITER`, `PRICE`, `CATEGORYID`, `COMMENT`, `DELFLAG`) VALUES ('978-4-7806-0422-1','微積分への基礎数学　第3版','','塚本達也 著','756','11','','0');
INSERT INTO `bookstoredb`.`bookinfo`(`ISBN`, `TITLE`, `SUBTITLE`, `WRITER`, `PRICE`, `CATEGORYID`, `COMMENT`, `DELFLAG`) VALUES ('978-4-7806-0429-0','アカデミック情報リテラシー','','宇野美由紀・大瀧保広・野口宏・羽渕裕真 共著','1188','17','','0');
INSERT INTO `bookstoredb`.`bookinfo`(`ISBN`, `TITLE`, `SUBTITLE`, `WRITER`, `PRICE`, `CATEGORYID`, `COMMENT`, `DELFLAG`) VALUES ('978-4-7806-0440-5','コンピュータ入門','―ExcelとVisual Basicを使おう―','藤田成隆・山原英男・浦部治一郎 共著','1512','17','','0');
INSERT INTO `bookstoredb`.`bookinfo`(`ISBN`, `TITLE`, `SUBTITLE`, `WRITER`, `PRICE`, `CATEGORYID`, `COMMENT`, `DELFLAG`) VALUES ('978-4-7806-0443-6','例題と演習で学ぶ ','文系のための数学入門　第3版','藤本佳久 著','2592','11','','0');
INSERT INTO `bookstoredb`.`bookinfo`(`ISBN`, `TITLE`, `SUBTITLE`, `WRITER`, `PRICE`, `CATEGORYID`, `COMMENT`, `DELFLAG`) VALUES ('978-4-7806-0446-7','要点付き演習書','―自力で解くための実力養成問題集―','西郷達彦・佐藤眞久 共著','1458','11','','0');
INSERT INTO `bookstoredb`.`bookinfo`(`ISBN`, `TITLE`, `SUBTITLE`, `WRITER`, `PRICE`, `CATEGORYID`, `COMMENT`, `DELFLAG`) VALUES ('978-4-7806-0453-5','オープンソース・ソフトウェアで学ぶ情報リテラシ　［改訂第2版］','"LibreOffice(Writer',' Calc',' Impress',' Math)　Mozilla Firefox　Mozilla Thunderbird　情報倫理とモラル　Linux OS入門"','石田雅・木本雅也 共著','2808','17','','0');
INSERT INTO `bookstoredb`.`bookinfo`(`ISBN`, `TITLE`, `SUBTITLE`, `WRITER`, `PRICE`, `CATEGORYID`, `COMMENT`, `DELFLAG`) VALUES ('978-4-7806-0454-2','情報基礎　第3版','コンピュータの基本操作と情報活用術','岩手大学情報教育教科書編集委員会 編','2268','17','','0');
INSERT INTO `bookstoredb`.`bookinfo`(`ISBN`, `TITLE`, `SUBTITLE`, `WRITER`, `PRICE`, `CATEGORYID`, `COMMENT`, `DELFLAG`) VALUES ('978-4-7806-0457-3','演習で学ぶ力学の初歩','','金子和也・鴈野重之・徐迅・中村賢仁・鳴海孝之 共著','1512','14','','0');
INSERT INTO `bookstoredb`.`bookinfo`(`ISBN`, `TITLE`, `SUBTITLE`, `WRITER`, `PRICE`, `CATEGORYID`, `COMMENT`, `DELFLAG`) VALUES ('978-4-7806-0458-0','情報の基礎　第3版','','中田美喜子・記谷康之 共著','1944','17','','0');
INSERT INTO `bookstoredb`.`bookinfo`(`ISBN`, `TITLE`, `SUBTITLE`, `WRITER`, `PRICE`, `CATEGORYID`, `COMMENT`, `DELFLAG`) VALUES ('978-4-7806-0459-7','キャリアを学ぶ','―若者の進路選択をめぐる心理と教育―','甲村和三 編  甲村和三・坂本將暢・川口洋誉・東平彩亜・長谷川省一・山口大二','2592','15','','0');
INSERT INTO `bookstoredb`.`bookinfo`(`ISBN`, `TITLE`, `SUBTITLE`, `WRITER`, `PRICE`, `CATEGORYID`, `COMMENT`, `DELFLAG`) VALUES ('978-4-7806-0472-6','力学の基礎','','力学教科書編集委員会 編','1296','14','','0');
INSERT INTO `bookstoredb`.`bookinfo`(`ISBN`, `TITLE`, `SUBTITLE`, `WRITER`, `PRICE`, `CATEGORYID`, `COMMENT`, `DELFLAG`) VALUES ('978-4-7806-0473-3','微分積分','','高坂良史・高橋雅朋・加藤正和・黒木場正城 共著','2052','11','','0');
INSERT INTO `bookstoredb`.`bookinfo`(`ISBN`, `TITLE`, `SUBTITLE`, `WRITER`, `PRICE`, `CATEGORYID`, `COMMENT`, `DELFLAG`) VALUES ('978-4-7806-0474-0','線形代数学','','青木美穂・植田玲・庄司邦孝 共著','1728','11','','0');
INSERT INTO `bookstoredb`.`bookinfo`(`ISBN`, `TITLE`, `SUBTITLE`, `WRITER`, `PRICE`, `CATEGORYID`, `COMMENT`, `DELFLAG`) VALUES ('978-4-7806-0475-7','これからの道徳教育原論','―「道徳の教科化」を見据えて―','田井康雄 著','2484','15','','0');
INSERT INTO `bookstoredb`.`bookinfo`(`ISBN`, `TITLE`, `SUBTITLE`, `WRITER`, `PRICE`, `CATEGORYID`, `COMMENT`, `DELFLAG`) VALUES ('978-4-7806-0477-1','講義：線形代数','','鈴木達夫・穴太克則 共著','1512','11','','0');
INSERT INTO `bookstoredb`.`bookinfo`(`ISBN`, `TITLE`, `SUBTITLE`, `WRITER`, `PRICE`, `CATEGORYID`, `COMMENT`, `DELFLAG`) VALUES ('978-4-7806-0478-8','大学生の微積分学','','硲文夫 著','1512','11','','0');
INSERT INTO `bookstoredb`.`bookinfo`(`ISBN`, `TITLE`, `SUBTITLE`, `WRITER`, `PRICE`, `CATEGORYID`, `COMMENT`, `DELFLAG`) VALUES ('978-4-7806-0479-5','有機化学要論','―生命科学を理解するための基礎概念―','入江一浩・津江広人・高野俊幸・加納太一・松原誠二郎・板東俊和・藤田健一 共著','2592','14','','0');
INSERT INTO `bookstoredb`.`bookinfo`(`ISBN`, `TITLE`, `SUBTITLE`, `WRITER`, `PRICE`, `CATEGORYID`, `COMMENT`, `DELFLAG`) VALUES ('978-4-7806-0480-1','物理化学要論','―理系常識としての化学―','馬場正昭・加藤立久・大北英生・田中勝久・杉山雅人 共著','2484','14','','0');
INSERT INTO `bookstoredb`.`bookinfo`(`ISBN`, `TITLE`, `SUBTITLE`, `WRITER`, `PRICE`, `CATEGORYID`, `COMMENT`, `DELFLAG`) VALUES ('978-4-7806-0481-8','微分積分入門','―現象解析の基礎―','曽我日出夫 著','1512','11','','0');
INSERT INTO `bookstoredb`.`bookinfo`(`ISBN`, `TITLE`, `SUBTITLE`, `WRITER`, `PRICE`, `CATEGORYID`, `COMMENT`, `DELFLAG`) VALUES ('978-4-7806-0500-6','第3版','物理学入門','原康夫 著','2160','14','','0');
INSERT INTO `bookstoredb`.`bookinfo`(`ISBN`, `TITLE`, `SUBTITLE`, `WRITER`, `PRICE`, `CATEGORYID`, `COMMENT`, `DELFLAG`) VALUES ('978-4-7807-0360-10','体の贈り物','','レベッカ・ブラウン著・柴田元幸訳　','2052','1','','0');
INSERT INTO `bookstoredb`.`bookinfo`(`ISBN`, `TITLE`, `SUBTITLE`, `WRITER`, `PRICE`, `CATEGORYID`, `COMMENT`, `DELFLAG`) VALUES ('978-4-7807-0360-11','モロッコ流謫','','四方田犬彦著　新潮社　','2484','1','','0');
INSERT INTO `bookstoredb`.`bookinfo`(`ISBN`, `TITLE`, `SUBTITLE`, `WRITER`, `PRICE`, `CATEGORYID`, `COMMENT`, `DELFLAG`) VALUES ('978-4-7807-0360-12','チュな','','ふくだすぐる著　幻冬社文庫　','2160','1','','0');
INSERT INTO `bookstoredb`.`bookinfo`(`ISBN`, `TITLE`, `SUBTITLE`, `WRITER`, `PRICE`, `CATEGORYID`, `COMMENT`, `DELFLAG`) VALUES ('978-4-7807-0360-13','机の上で飼える小さな生き物','','木村義志著　草思社　','1296','1','','0');
INSERT INTO `bookstoredb`.`bookinfo`(`ISBN`, `TITLE`, `SUBTITLE`, `WRITER`, `PRICE`, `CATEGORYID`, `COMMENT`, `DELFLAG`) VALUES ('978-4-7807-0360-14','気まずい二人','','三谷幸喜　角川出版　','1512','1','','0');
INSERT INTO `bookstoredb`.`bookinfo`(`ISBN`, `TITLE`, `SUBTITLE`, `WRITER`, `PRICE`, `CATEGORYID`, `COMMENT`, `DELFLAG`) VALUES ('978-4-7807-0360-15','健康論の誘惑','','文化書房博文社　佐藤純一ほか','2484','1','','0');
INSERT INTO `bookstoredb`.`bookinfo`(`ISBN`, `TITLE`, `SUBTITLE`, `WRITER`, `PRICE`, `CATEGORYID`, `COMMENT`, `DELFLAG`) VALUES ('978-4-7807-0360-16','蝶の舌','','マヌエル・リバス著　野谷文昭・熊倉靖子訳　','2592','1','','0');
INSERT INTO `bookstoredb`.`bookinfo`(`ISBN`, `TITLE`, `SUBTITLE`, `WRITER`, `PRICE`, `CATEGORYID`, `COMMENT`, `DELFLAG`) VALUES ('978-4-7807-0360-17','はかない人生','','オネッティ・鼓　直訳　集英社文庫　800円','1944','1','','0');
INSERT INTO `bookstoredb`.`bookinfo`(`ISBN`, `TITLE`, `SUBTITLE`, `WRITER`, `PRICE`, `CATEGORYID`, `COMMENT`, `DELFLAG`) VALUES ('978-4-7807-0360-18','現代ラテンアメリカ短編選集','','白水社発行','2268','1','','0');
INSERT INTO `bookstoredb`.`bookinfo`(`ISBN`, `TITLE`, `SUBTITLE`, `WRITER`, `PRICE`, `CATEGORYID`, `COMMENT`, `DELFLAG`) VALUES ('978-4-7807-0360-19','ラテンアメリカ文学選集','','（全１５巻）現代企画室1996年完行 ','2808','1','','0');
INSERT INTO `bookstoredb`.`bookinfo`(`ISBN`, `TITLE`, `SUBTITLE`, `WRITER`, `PRICE`, `CATEGORYID`, `COMMENT`, `DELFLAG`) VALUES ('978-4-7807-0360-20','反時代的､反教養的､反叙情的','','古山高麗雄（こまお）著　 ベスト新書（ＫＫベストセラーズ）','1512','1','','0');
INSERT INTO `bookstoredb`.`bookinfo`(`ISBN`, `TITLE`, `SUBTITLE`, `WRITER`, `PRICE`, `CATEGORYID`, `COMMENT`, `DELFLAG`) VALUES ('978-4-7807-0360-21','恥　辱','','ジョン・マクスウェル・クッツエー著　鴻巣友季子訳　早川書房','1188','1','','0');
INSERT INTO `bookstoredb`.`bookinfo`(`ISBN`, `TITLE`, `SUBTITLE`, `WRITER`, `PRICE`, `CATEGORYID`, `COMMENT`, `DELFLAG`) VALUES ('978-4-7807-0360-22','勝　利','','ディック･フランシス著　菊池光訳　早川書房　','1944','1','','0');
INSERT INTO `bookstoredb`.`bookinfo`(`ISBN`, `TITLE`, `SUBTITLE`, `WRITER`, `PRICE`, `CATEGORYID`, `COMMENT`, `DELFLAG`) VALUES ('978-4-7807-0360-23','わたしの献立日記','','沢村　貞子　新潮社　1200円　','2484','1','','0');
INSERT INTO `bookstoredb`.`bookinfo`(`ISBN`, `TITLE`, `SUBTITLE`, `WRITER`, `PRICE`, `CATEGORYID`, `COMMENT`, `DELFLAG`) VALUES ('978-4-7807-0360-24','私の台所','','朝日文庫560円','1620','1','','0');
INSERT INTO `bookstoredb`.`bookinfo`(`ISBN`, `TITLE`, `SUBTITLE`, `WRITER`, `PRICE`, `CATEGORYID`, `COMMENT`, `DELFLAG`) VALUES ('978-4-7807-0360-25','わたしの浅草','','暮らしの手帖社版　新潮文庫','2592','1','','0');
INSERT INTO `bookstoredb`.`bookinfo`(`ISBN`, `TITLE`, `SUBTITLE`, `WRITER`, `PRICE`, `CATEGORYID`, `COMMENT`, `DELFLAG`) VALUES ('978-4-7807-0360-26','老いの道づれ、','','岩波書店　1300円','1512','1','','0');
INSERT INTO `bookstoredb`.`bookinfo`(`ISBN`, `TITLE`, `SUBTITLE`, `WRITER`, `PRICE`, `CATEGORYID`, `COMMENT`, `DELFLAG`) VALUES ('978-4-7807-0360-27','ベッドサイド','','林あまり　　新潮文庫　400円　','1512','1','','0');
INSERT INTO `bookstoredb`.`bookinfo`(`ISBN`, `TITLE`, `SUBTITLE`, `WRITER`, `PRICE`, `CATEGORYID`, `COMMENT`, `DELFLAG`) VALUES ('978-4-7807-0360-28','ひとめあなたに･･･','','新井素子　角川文庫','2052','1','','0');
INSERT INTO `bookstoredb`.`bookinfo`(`ISBN`, `TITLE`, `SUBTITLE`, `WRITER`, `PRICE`, `CATEGORYID`, `COMMENT`, `DELFLAG`) VALUES ('978-4-7807-0360-29','今はもういないあたしへ･･･','','新井素子　角川文庫','1458','1','','0');
INSERT INTO `bookstoredb`.`bookinfo`(`ISBN`, `TITLE`, `SUBTITLE`, `WRITER`, `PRICE`, `CATEGORYID`, `COMMENT`, `DELFLAG`) VALUES ('978-4-7807-0360-30','取り替え子　チェンジリング','','大江健三郎著　講談社　','2052','1','','0');
INSERT INTO `bookstoredb`.`bookinfo`(`ISBN`, `TITLE`, `SUBTITLE`, `WRITER`, `PRICE`, `CATEGORYID`, `COMMENT`, `DELFLAG`) VALUES ('978-4-7807-0360-31','愛の領分','','藤田宜永著　文藝春秋社','2484','1','','0');
INSERT INTO `bookstoredb`.`bookinfo`(`ISBN`, `TITLE`, `SUBTITLE`, `WRITER`, `PRICE`, `CATEGORYID`, `COMMENT`, `DELFLAG`) VALUES ('978-4-7807-0360-32','厳粛な綱渡り','','大江健三郎著　文芸春秋　','2160','1','','0');
INSERT INTO `bookstoredb`.`bookinfo`(`ISBN`, `TITLE`, `SUBTITLE`, `WRITER`, `PRICE`, `CATEGORYID`, `COMMENT`, `DELFLAG`) VALUES ('978-4-7807-0360-33','憎悪の果実','','スティーブン・グリーンリーフ著　','1296','1','','0');
INSERT INTO `bookstoredb`.`bookinfo`(`ISBN`, `TITLE`, `SUBTITLE`, `WRITER`, `PRICE`, `CATEGORYID`, `COMMENT`, `DELFLAG`) VALUES ('978-4-7807-0360-34','（私立探偵ジョン・タナーシリーズ）','（暮らしの手帖社版は絶版）','黒原敏行訳　早川書房（ポケットミステリー1699）','1512','1','','0');
INSERT INTO `bookstoredb`.`bookinfo`(`ISBN`, `TITLE`, `SUBTITLE`, `WRITER`, `PRICE`, `CATEGORYID`, `COMMENT`, `DELFLAG`) VALUES ('978-4-7807-0360-35','ヤダーシュカ　ミーチャ','','大庭みな子著　講談社','2484','1','','0');
INSERT INTO `bookstoredb`.`bookinfo`(`ISBN`, `TITLE`, `SUBTITLE`, `WRITER`, `PRICE`, `CATEGORYID`, `COMMENT`, `DELFLAG`) VALUES ('978-4-7807-0360-36','センセイの鞄','','川上弘美著　平凡社　','2592','1','','0');
INSERT INTO `bookstoredb`.`bookinfo`(`ISBN`, `TITLE`, `SUBTITLE`, `WRITER`, `PRICE`, `CATEGORYID`, `COMMENT`, `DELFLAG`) VALUES ('978-4-7807-0360-37','敵討（かたきうち）','','吉村昭著　新潮社刊　','1944','1','','0');
INSERT INTO `bookstoredb`.`bookinfo`(`ISBN`, `TITLE`, `SUBTITLE`, `WRITER`, `PRICE`, `CATEGORYID`, `COMMENT`, `DELFLAG`) VALUES ('978-4-7807-0360-38','ロミオとジュリエット','','16','2268','16','','0');
INSERT INTO `bookstoredb`.`bookinfo`(`ISBN`, `TITLE`, `SUBTITLE`, `WRITER`, `PRICE`, `CATEGORYID`, `COMMENT`, `DELFLAG`) VALUES ('978-4-7807-0360-39','恋に落ちたシェイクスピア','','16','2808','16','','0');
INSERT INTO `bookstoredb`.`bookinfo`(`ISBN`, `TITLE`, `SUBTITLE`, `WRITER`, `PRICE`, `CATEGORYID`, `COMMENT`, `DELFLAG`) VALUES ('978-4-7807-0360-40','想い草','','鳥越　碧（みどり）著　講談社刊　','1512','1','','0');
INSERT INTO `bookstoredb`.`bookinfo`(`ISBN`, `TITLE`, `SUBTITLE`, `WRITER`, `PRICE`, `CATEGORYID`, `COMMENT`, `DELFLAG`) VALUES ('978-4-7807-0360-41','イルマーレ','','16','1188','16','','0');
INSERT INTO `bookstoredb`.`bookinfo`(`ISBN`, `TITLE`, `SUBTITLE`, `WRITER`, `PRICE`, `CATEGORYID`, `COMMENT`, `DELFLAG`) VALUES ('978-4-7807-0360-42','美妙、消えた。','','嵐山光三郎著　朝日新聞社刊','1944','1','','0');
INSERT INTO `bookstoredb`.`bookinfo`(`ISBN`, `TITLE`, `SUBTITLE`, `WRITER`, `PRICE`, `CATEGORYID`, `COMMENT`, `DELFLAG`) VALUES ('978-4-7807-0360-43','心の砕ける音','','トマス・Ｈ・クック著　村松潔訳文春文庫','2484','1','','0');
INSERT INTO `bookstoredb`.`bookinfo`(`ISBN`, `TITLE`, `SUBTITLE`, `WRITER`, `PRICE`, `CATEGORYID`, `COMMENT`, `DELFLAG`) VALUES ('978-4-7807-0360-44','ツチヤの軽はずみ','','土屋賢二著　文春文庫','1620','1','','0');
INSERT INTO `bookstoredb`.`bookinfo`(`ISBN`, `TITLE`, `SUBTITLE`, `WRITER`, `PRICE`, `CATEGORYID`, `COMMENT`, `DELFLAG`) VALUES ('978-4-7807-0360-45','いつか王子駅で','','堀江敏幸著　新潮社刊','2592','1','','0');
INSERT INTO `bookstoredb`.`bookinfo`(`ISBN`, `TITLE`, `SUBTITLE`, `WRITER`, `PRICE`, `CATEGORYID`, `COMMENT`, `DELFLAG`) VALUES ('978-4-7807-0360-46','人道的支援','','最上敏樹著　岩波新書','1512','1','','0');
INSERT INTO `bookstoredb`.`bookinfo`(`ISBN`, `TITLE`, `SUBTITLE`, `WRITER`, `PRICE`, `CATEGORYID`, `COMMENT`, `DELFLAG`) VALUES ('978-4-7807-0360-47','東京の戦争','','吉村昭著筑摩書房刊','1512','1','','0');
INSERT INTO `bookstoredb`.`bookinfo`(`ISBN`, `TITLE`, `SUBTITLE`, `WRITER`, `PRICE`, `CATEGORYID`, `COMMENT`, `DELFLAG`) VALUES ('978-4-7807-0360-48','ハドリアヌスの長城','','ロバート･ドレイパー著　三川基好訳文春文庫','2052','1','','0');
INSERT INTO `bookstoredb`.`bookinfo`(`ISBN`, `TITLE`, `SUBTITLE`, `WRITER`, `PRICE`, `CATEGORYID`, `COMMENT`, `DELFLAG`) VALUES ('978-4-7807-0360-49','対岸の家事','','南伸坊著　　新潮OH!文庫','1458','1','','0');
INSERT INTO `bookstoredb`.`bookinfo`(`ISBN`, `TITLE`, `SUBTITLE`, `WRITER`, `PRICE`, `CATEGORYID`, `COMMENT`, `DELFLAG`) VALUES ('978-4-7807-0360-50','模倣犯','','宮部みゆき著　　小学館','2052','1','','0');
INSERT INTO `bookstoredb`.`bookinfo`(`ISBN`, `TITLE`, `SUBTITLE`, `WRITER`, `PRICE`, `CATEGORYID`, `COMMENT`, `DELFLAG`) VALUES ('978-4-7807-0360-51','ＳLAVA','','音楽CD','2484','16','','0');
INSERT INTO `bookstoredb`.`bookinfo`(`ISBN`, `TITLE`, `SUBTITLE`, `WRITER`, `PRICE`, `CATEGORYID`, `COMMENT`, `DELFLAG`) VALUES ('978-4-7807-0360-52','夫婦公論','','藤田宜永＆小池真理子　毎日新聞社','2160','1','','0');
INSERT INTO `bookstoredb`.`bookinfo`(`ISBN`, `TITLE`, `SUBTITLE`, `WRITER`, `PRICE`, `CATEGORYID`, `COMMENT`, `DELFLAG`) VALUES ('978-4-7807-0360-53','モンスターズ・インク','','16','1296','16','','0');
INSERT INTO `bookstoredb`.`bookinfo`(`ISBN`, `TITLE`, `SUBTITLE`, `WRITER`, `PRICE`, `CATEGORYID`, `COMMENT`, `DELFLAG`) VALUES ('978-4-7807-0360-6','世にも不幸なできごと-1','','レモニー・スニケット著　宇佐川晶子訳　','1512','1','','0');
INSERT INTO `bookstoredb`.`bookinfo`(`ISBN`, `TITLE`, `SUBTITLE`, `WRITER`, `PRICE`, `CATEGORYID`, `COMMENT`, `DELFLAG`) VALUES ('978-4-7807-0360-7','「最悪のはじまり」','','草思社','1512','1','','0');
INSERT INTO `bookstoredb`.`bookinfo`(`ISBN`, `TITLE`, `SUBTITLE`, `WRITER`, `PRICE`, `CATEGORYID`, `COMMENT`, `DELFLAG`) VALUES ('978-4-7807-0360-8','夢で会いましょう','','村上春樹','2052','1','','0');
INSERT INTO `bookstoredb`.`bookinfo`(`ISBN`, `TITLE`, `SUBTITLE`, `WRITER`, `PRICE`, `CATEGORYID`, `COMMENT`, `DELFLAG`) VALUES ('978-4-7807-0360-9','ライオンと魔女','','「ナルニア国ものがたり」全７巻－１ Ｃ・Ｓ・ルイス著','1458','1','','0');


INSERT INTO `bookstoredb`.`userinfo` (`EMAIL`, `USERNAME`, `PASSWORD`, `AGE`, `DELFLAG`) VALUES ('akiba@rakudou.co.jp', 'akiba', 'akibapass', '45', '0');
INSERT INTO `bookstoredb`.`userinfo` (`EMAIL`, `USERNAME`, `PASSWORD`, `AGE`, `DELFLAG`) VALUES ('ebisu@rakudou.co.jp', 'ebisu', 'ebisupass', '23', '0');
INSERT INTO `bookstoredb`.`userinfo` (`EMAIL`, `USERNAME`, `PASSWORD`, `AGE`, `DELFLAG`) VALUES ('kanda@rakudou.co.jp', 'kanda', 'kandapass', '34', '0');
INSERT INTO `bookstoredb`.`userinfo` (`EMAIL`, `USERNAME`, `PASSWORD`, `AGE`, `DELFLAG`) VALUES ('meguro@rakudou.co.jp', 'meguro', 'meguropass', '25', '0');
INSERT INTO `bookstoredb`.`userinfo` (`EMAIL`, `USERNAME`, `PASSWORD`, `AGE`, `DELFLAG`) VALUES ('osaki@rakudou.co.jp', 'osaki', 'osakipass', '46', '0');
INSERT INTO `bookstoredb`.`userinfo` (`EMAIL`, `USERNAME`, `PASSWORD`, `AGE`, `DELFLAG`) VALUES ('shibuya@rakudou.co.jp', 'shibuya', 'shibuyapass', '37', '0');
INSERT INTO `bookstoredb`.`userinfo` (`EMAIL`, `USERNAME`, `PASSWORD`, `AGE`, `DELFLAG`) VALUES ('sugamo@rakudou.co.jp', 'sugamo', 'sugamopass', '25', '0');
INSERT INTO `bookstoredb`.`userinfo` (`EMAIL`, `USERNAME`, `PASSWORD`, `AGE`, `DELFLAG`) VALUES ('tamachi@rakudou.co.jp', 'tamachi', 'tamachipass', '26', '0');
INSERT INTO `bookstoredb`.`userinfo` (`EMAIL`, `USERNAME`, `PASSWORD`, `AGE`, `DELFLAG`) VALUES ('ueno@rakudou.co.jp', 'ueno', 'uenopass', '21', '0');


INSERT INTO `bookstoredb`.`orderinfo` (`NO`, `USERNAME`, `ISBN`, `QUANTITY`, `BUYDATE`) VALUES ('1', 'akiba', '978-4-7806-0381-1', '1', '2016/2/17');
INSERT INTO `bookstoredb`.`orderinfo` (`NO`, `USERNAME`, `ISBN`, `QUANTITY`, `BUYDATE`) VALUES ('2', 'kanda', '978-4-7806-0381-1', '2', '2016/2/17');
INSERT INTO `bookstoredb`.`orderinfo` (`NO`, `USERNAME`, `ISBN`, `QUANTITY`, `BUYDATE`) VALUES ('3', 'meguro', '978-4-7806-0416-0', '3', '2016/2/17');
INSERT INTO `bookstoredb`.`orderinfo` (`NO`, `USERNAME`, `ISBN`, `QUANTITY`, `BUYDATE`) VALUES ('4', 'osaki', '978-4-7806-0416-0', '1', '2016/2/17');
INSERT INTO `bookstoredb`.`orderinfo` (`NO`, `USERNAME`, `ISBN`, `QUANTITY`, `BUYDATE`) VALUES ('5', 'osaki', '978-4-7806-0418-4', '1', '2016/2/17');
INSERT INTO `bookstoredb`.`orderinfo` (`NO`, `USERNAME`, `ISBN`, `QUANTITY`, `BUYDATE`) VALUES ('6', 'osaki', '978-4-7806-0418-4', '1', '2013/2/17');
INSERT INTO `bookstoredb`.`orderinfo` (`NO`, `USERNAME`, `ISBN`, `QUANTITY`, `BUYDATE`) VALUES ('7', 'osaki', '978-4-7806-0454-2', '1', '2016/2/17');
INSERT INTO `bookstoredb`.`orderinfo` (`NO`, `USERNAME`, `ISBN`, `QUANTITY`, `BUYDATE`) VALUES ('8', 'ebisu', '978-4-7806-0416-0', '1', '2016/2/17');
INSERT INTO `bookstoredb`.`orderinfo` (`NO`, `USERNAME`, `ISBN`, `QUANTITY`, `BUYDATE`) VALUES ('9', 'ebisu', '978-4-7806-0459-7', '1', '2016/2/17');
INSERT INTO `bookstoredb`.`orderinfo` (`NO`, `USERNAME`, `ISBN`, `QUANTITY`, `BUYDATE`) VALUES ('10', 'ebisu', '978-4-7807-0360-45', '1', '2016/2/17');
INSERT INTO `bookstoredb`.`orderinfo` (`NO`, `USERNAME`, `ISBN`, `QUANTITY`, `BUYDATE`) VALUES ('11', 'ebisu', '978-4-7807-0360-37', '1', '2016/2/17');
INSERT INTO `bookstoredb`.`orderinfo` (`NO`, `USERNAME`, `ISBN`, `QUANTITY`, `BUYDATE`) VALUES ('12', 'meguro', '978-4-7806-0416-0', '1', '2016/2/17');
INSERT INTO `bookstoredb`.`orderinfo` (`NO`, `USERNAME`, `ISBN`, `QUANTITY`, `BUYDATE`) VALUES ('13', 'meguro', '978-4-7807-0360-45', '1', '2015/2/17');
INSERT INTO `bookstoredb`.`orderinfo` (`NO`, `USERNAME`, `ISBN`, `QUANTITY`, `BUYDATE`) VALUES ('14', 'meguro', '978-4-7807-0360-29', '1', '2015/2/17');
INSERT INTO `bookstoredb`.`orderinfo` (`NO`, `USERNAME`, `ISBN`, `QUANTITY`, `BUYDATE`) VALUES ('15', 'meguro', '978-4-7807-0360-43', '1', '2015/12/17');
INSERT INTO `bookstoredb`.`orderinfo` (`NO`, `USERNAME`, `ISBN`, `QUANTITY`, `BUYDATE`) VALUES ('16', 'meguro', '978-4-7806-0418-4', '1', '2015/2/17');
INSERT INTO `bookstoredb`.`orderinfo` (`NO`, `USERNAME`, `ISBN`, `QUANTITY`, `BUYDATE`) VALUES ('17', 'meguro', '978-4-7807-0360-25', '1', '2015/2/17');
INSERT INTO `bookstoredb`.`orderinfo` (`NO`, `USERNAME`, `ISBN`, `QUANTITY`, `BUYDATE`) VALUES ('18', 'ebisu', '978-4-7807-0360-43', '1', '2015/2/17');
INSERT INTO `bookstoredb`.`orderinfo` (`NO`, `USERNAME`, `ISBN`, `QUANTITY`, `BUYDATE`) VALUES ('19', 'ebisu', '978-4-7806-0416-0', '1', '2015/5/17');
INSERT INTO `bookstoredb`.`orderinfo` (`NO`, `USERNAME`, `ISBN`, `QUANTITY`, `BUYDATE`) VALUES ('20', 'ebisu', '978-4-7806-0454-2', '1', '2015/2/17');
INSERT INTO `bookstoredb`.`orderinfo` (`NO`, `USERNAME`, `ISBN`, `QUANTITY`, `BUYDATE`) VALUES ('21', 'ebisu', '978-4-7806-0454-2', '1', '2015/2/17');
INSERT INTO `bookstoredb`.`orderinfo` (`NO`, `USERNAME`, `ISBN`, `QUANTITY`, `BUYDATE`) VALUES ('22', 'ebisu', '978-4-7807-0360-45', '1', '2015/2/17');
INSERT INTO `bookstoredb`.`orderinfo` (`NO`, `USERNAME`, `ISBN`, `QUANTITY`, `BUYDATE`) VALUES ('23', 'ebisu', '978-4-7806-0418-4', '1', '2015/2/17');
INSERT INTO `bookstoredb`.`orderinfo` (`NO`, `USERNAME`, `ISBN`, `QUANTITY`, `BUYDATE`) VALUES ('24', 'ueno', '978-4-7806-0416-0', '1', '2016/2/17');
INSERT INTO `bookstoredb`.`orderinfo` (`NO`, `USERNAME`, `ISBN`, `QUANTITY`, `BUYDATE`) VALUES ('25', 'ueno', '978-4-7807-0360-37', '1', '2016/2/17');
INSERT INTO `bookstoredb`.`orderinfo` (`NO`, `USERNAME`, `ISBN`, `QUANTITY`, `BUYDATE`) VALUES ('26', 'ueno', '978-4-7806-0454-2', '1', '2016/2/17');
INSERT INTO `bookstoredb`.`orderinfo` (`NO`, `USERNAME`, `ISBN`, `QUANTITY`, `BUYDATE`) VALUES ('27', 'ueno', '978-4-7807-0360-37', '1', '2016/2/17');
INSERT INTO `bookstoredb`.`orderinfo` (`NO`, `USERNAME`, `ISBN`, `QUANTITY`, `BUYDATE`) VALUES ('28', 'ueno', '978-4-7807-0360-25', '1', '2016/2/17');
INSERT INTO `bookstoredb`.`orderinfo` (`NO`, `USERNAME`, `ISBN`, `QUANTITY`, `BUYDATE`) VALUES ('29', 'ueno', '978-4-7807-0360-44', '1', '2016/2/17');
INSERT INTO `bookstoredb`.`orderinfo` (`NO`, `USERNAME`, `ISBN`, `QUANTITY`, `BUYDATE`) VALUES ('30', 'ueno', '978-4-7807-0360-40', '1', '2016/2/17');
INSERT INTO `bookstoredb`.`orderinfo` (`NO`, `USERNAME`, `ISBN`, `QUANTITY`, `BUYDATE`) VALUES ('31', 'ueno', '978-4-7806-0418-4', '1', '2016/2/17');
INSERT INTO `bookstoredb`.`orderinfo` (`NO`, `USERNAME`, `ISBN`, `QUANTITY`, `BUYDATE`) VALUES ('32', 'ueno', '978-4-7807-0360-39', '1', '2016/2/17');
INSERT INTO `bookstoredb`.`orderinfo` (`NO`, `USERNAME`, `ISBN`, `QUANTITY`, `BUYDATE`) VALUES ('33', 'ueno', '978-4-7807-0360-45', '1', '2016/2/17');
INSERT INTO `bookstoredb`.`orderinfo` (`NO`, `USERNAME`, `ISBN`, `QUANTITY`, `BUYDATE`) VALUES ('34', 'ueno', '978-4-7807-0360-29', '1', '2016/2/17');
INSERT INTO `bookstoredb`.`orderinfo` (`NO`, `USERNAME`, `ISBN`, `QUANTITY`, `BUYDATE`) VALUES ('35', 'ueno', '978-4-7807-0360-34', '1', '2016/2/17');
INSERT INTO `bookstoredb`.`orderinfo` (`NO`, `USERNAME`, `ISBN`, `QUANTITY`, `BUYDATE`) VALUES ('36', 'kanda', '978-4-7807-0360-43', '1', '2016/2/17');
INSERT INTO `bookstoredb`.`orderinfo` (`NO`, `USERNAME`, `ISBN`, `QUANTITY`, `BUYDATE`) VALUES ('37', 'kanda', '978-4-7806-0454-2', '1', '2016/2/17');
INSERT INTO `bookstoredb`.`orderinfo` (`NO`, `USERNAME`, `ISBN`, `QUANTITY`, `BUYDATE`) VALUES ('38', 'kanda', '978-4-7807-0360-37', '1', '2016/2/17');
INSERT INTO `bookstoredb`.`orderinfo` (`NO`, `USERNAME`, `ISBN`, `QUANTITY`, `BUYDATE`) VALUES ('39', 'kanda', '978-4-7807-0360-45', '3', '2016/2/17');
INSERT INTO `bookstoredb`.`orderinfo` (`NO`, `USERNAME`, `ISBN`, `QUANTITY`, `BUYDATE`) VALUES ('40', 'kanda', '978-4-7807-0360-37', '1', '2016/2/17');
INSERT INTO `bookstoredb`.`orderinfo` (`NO`, `USERNAME`, `ISBN`, `QUANTITY`, `BUYDATE`) VALUES ('41', 'kanda', '978-4-7807-0360-39', '1', '2016/2/17');
INSERT INTO `bookstoredb`.`orderinfo` (`NO`, `USERNAME`, `ISBN`, `QUANTITY`, `BUYDATE`) VALUES ('42', 'kanda', '978-4-7806-0454-2', '2', '2016/2/17');
INSERT INTO `bookstoredb`.`orderinfo` (`NO`, `USERNAME`, `ISBN`, `QUANTITY`, `BUYDATE`) VALUES ('43', 'kanda', '978-4-7807-0360-44', '1', '2016/2/17');
INSERT INTO `bookstoredb`.`orderinfo` (`NO`, `USERNAME`, `ISBN`, `QUANTITY`, `BUYDATE`) VALUES ('44', 'kanda', '978-4-7807-0360-40', '1', '2016/2/17');


INSERT INTO `bookstoredb`.`category` (`CATEGORYID`, `CATEGORY`, `DELFLAG`) VALUES ('1', '小説', '0');
INSERT INTO `bookstoredb`.`category` (`CATEGORYID`, `CATEGORY`, `DELFLAG`) VALUES ('2', '文芸', '0');
INSERT INTO `bookstoredb`.`category` (`CATEGORYID`, `CATEGORY`, `DELFLAG`) VALUES ('3', '教養', '0');
INSERT INTO `bookstoredb`.`category` (`CATEGORYID`, `CATEGORY`, `DELFLAG`) VALUES ('4', '経済', '0');
INSERT INTO `bookstoredb`.`category` (`CATEGORYID`, `CATEGORY`, `DELFLAG`) VALUES ('5', '社会', '0');
INSERT INTO `bookstoredb`.`category` (`CATEGORYID`, `CATEGORY`, `DELFLAG`) VALUES ('6', '経営', '0');
INSERT INTO `bookstoredb`.`category` (`CATEGORYID`, `CATEGORY`, `DELFLAG`) VALUES ('7', '人文', '0');
INSERT INTO `bookstoredb`.`category` (`CATEGORYID`, `CATEGORY`, `DELFLAG`) VALUES ('8', '語学', '0');
INSERT INTO `bookstoredb`.`category` (`CATEGORYID`, `CATEGORY`, `DELFLAG`) VALUES ('9', '医学・薬学', '0');
INSERT INTO `bookstoredb`.`category` (`CATEGORYID`, `CATEGORY`, `DELFLAG`) VALUES ('10', 'コンピュータ', '0');



